GT,NOISE
7D-1\NIND_7D-1_ISO100.png,7D-1\NIND_7D-1_ISO12800.png
7D-1\NIND_7D-1_ISO100.png,7D-1\NIND_7D-1_ISO1600.png
7D-1\NIND_7D-1_ISO100.png,7D-1\NIND_7D-1_ISO200.png
7D-1\NIND_7D-1_ISO100.png,7D-1\NIND_7D-1_ISO3200.png
7D-1\NIND_7D-1_ISO100.png,7D-1\NIND_7D-1_ISO400.png
7D-1\NIND_7D-1_ISO100.png,7D-1\NIND_7D-1_ISO6400.png
7D-1\NIND_7D-1_ISO100.png,7D-1\NIND_7D-1_ISO800.png
7D-2\NIND_7D-2_ISO100.png,7D-2\NIND_7D-2_ISO12800.png
7D-2\NIND_7D-2_ISO100.png,7D-2\NIND_7D-2_ISO1600.png
7D-2\NIND_7D-2_ISO100.png,7D-2\NIND_7D-2_ISO200.png
7D-2\NIND_7D-2_ISO100.png,7D-2\NIND_7D-2_ISO3200.png
7D-2\NIND_7D-2_ISO100.png,7D-2\NIND_7D-2_ISO400.png
7D-2\NIND_7D-2_ISO100.png,7D-2\NIND_7D-2_ISO6400.png
7D-2\NIND_7D-2_ISO100.png,7D-2\NIND_7D-2_ISO800.png
7D-3\NIND_7D-3_ISO100.png,7D-3\NIND_7D-3_ISO12800.png
7D-3\NIND_7D-3_ISO100.png,7D-3\NIND_7D-3_ISO1600.png
7D-3\NIND_7D-3_ISO100.png,7D-3\NIND_7D-3_ISO200.png
7D-3\NIND_7D-3_ISO100.png,7D-3\NIND_7D-3_ISO3200.png
7D-3\NIND_7D-3_ISO100.png,7D-3\NIND_7D-3_ISO400.png
7D-3\NIND_7D-3_ISO100.png,7D-3\NIND_7D-3_ISO6400.png
7D-3\NIND_7D-3_ISO100.png,7D-3\NIND_7D-3_ISO800.png
7D-4\NIND_7D-4_ISO100.png,7D-4\NIND_7D-4_ISO12800.png
7D-4\NIND_7D-4_ISO100.png,7D-4\NIND_7D-4_ISO1600.png
7D-4\NIND_7D-4_ISO100.png,7D-4\NIND_7D-4_ISO200.png
7D-4\NIND_7D-4_ISO100.png,7D-4\NIND_7D-4_ISO3200.png
7D-4\NIND_7D-4_ISO100.png,7D-4\NIND_7D-4_ISO400.png
7D-4\NIND_7D-4_ISO100.png,7D-4\NIND_7D-4_ISO6400.png
7D-4\NIND_7D-4_ISO100.png,7D-4\NIND_7D-4_ISO800.png
7D-5\NIND_7D-5_ISO100.png,7D-5\NIND_7D-5_ISO12800.png
7D-5\NIND_7D-5_ISO100.png,7D-5\NIND_7D-5_ISO1600.png
7D-5\NIND_7D-5_ISO100.png,7D-5\NIND_7D-5_ISO200.png
7D-5\NIND_7D-5_ISO100.png,7D-5\NIND_7D-5_ISO3200.png
7D-5\NIND_7D-5_ISO100.png,7D-5\NIND_7D-5_ISO400.png
7D-5\NIND_7D-5_ISO100.png,7D-5\NIND_7D-5_ISO6400.png
7D-5\NIND_7D-5_ISO100.png,7D-5\NIND_7D-5_ISO800.png
7D-6\NIND_7D-6_ISO100.png,7D-6\NIND_7D-6_ISO12800.png
7D-6\NIND_7D-6_ISO100.png,7D-6\NIND_7D-6_ISO1600.png
7D-6\NIND_7D-6_ISO100.png,7D-6\NIND_7D-6_ISO200.png
7D-6\NIND_7D-6_ISO100.png,7D-6\NIND_7D-6_ISO3200.png
7D-6\NIND_7D-6_ISO100.png,7D-6\NIND_7D-6_ISO400.png
7D-6\NIND_7D-6_ISO100.png,7D-6\NIND_7D-6_ISO6400.png
7D-6\NIND_7D-6_ISO100.png,7D-6\NIND_7D-6_ISO800.png
7D-7\NIND_7D-7_ISO100.png,7D-7\NIND_7D-7_ISO12800.png
7D-7\NIND_7D-7_ISO100.png,7D-7\NIND_7D-7_ISO1600.png
7D-7\NIND_7D-7_ISO100.png,7D-7\NIND_7D-7_ISO200.png
7D-7\NIND_7D-7_ISO100.png,7D-7\NIND_7D-7_ISO3200.png
7D-7\NIND_7D-7_ISO100.png,7D-7\NIND_7D-7_ISO400.png
7D-7\NIND_7D-7_ISO100.png,7D-7\NIND_7D-7_ISO6400.png
7D-7\NIND_7D-7_ISO100.png,7D-7\NIND_7D-7_ISO800.png
banana\NIND_banana_ISO200.png,banana\NIND_banana_ISO1250.png
banana\NIND_banana_ISO200.png,banana\NIND_banana_ISO2000.png
banana\NIND_banana_ISO200.png,banana\NIND_banana_ISO250.png
banana\NIND_banana_ISO200.png,banana\NIND_banana_ISO4000.png
banana\NIND_banana_ISO200.png,banana\NIND_banana_ISO500.png
banana\NIND_banana_ISO200.png,banana\NIND_banana_ISO6400.png
banana\NIND_banana_ISO200.png,banana\NIND_banana_ISO800.png
banana\NIND_banana_ISO200.png,banana\NIND_banana_ISOH1.png
banana\NIND_banana_ISO200.png,banana\NIND_banana_ISOH2.png
banana\NIND_banana_ISO200.png,banana\NIND_banana_ISOH3.png
bananapi\NIND_bananapi_ISO50.png,bananapi\NIND_bananapi_ISO100.png
bananapi\NIND_bananapi_ISO50.png,bananapi\NIND_bananapi_ISO125.png
bananapi\NIND_bananapi_ISO50.png,bananapi\NIND_bananapi_ISO12800.png
bananapi\NIND_bananapi_ISO50.png,bananapi\NIND_bananapi_ISO1600.png
bananapi\NIND_bananapi_ISO50.png,bananapi\NIND_bananapi_ISO200.png
bananapi\NIND_bananapi_ISO50.png,bananapi\NIND_bananapi_ISO25600.png
bananapi\NIND_bananapi_ISO50.png,bananapi\NIND_bananapi_ISO3200.png
bananapi\NIND_bananapi_ISO50.png,bananapi\NIND_bananapi_ISO400.png
bananapi\NIND_bananapi_ISO50.png,bananapi\NIND_bananapi_ISO51200.png
bananapi\NIND_bananapi_ISO50.png,bananapi\NIND_bananapi_ISO63.png
bananapi\NIND_bananapi_ISO50.png,bananapi\NIND_bananapi_ISO6400.png
bananapi\NIND_bananapi_ISO50.png,bananapi\NIND_bananapi_ISO800.png
Bark\NIND_Bark_ISO100.png,Bark\NIND_Bark_ISO12800.png
Bark\NIND_Bark_ISO100.png,Bark\NIND_Bark_ISO1600.png
Bark\NIND_Bark_ISO100.png,Bark\NIND_Bark_ISO200.png
Bark\NIND_Bark_ISO100.png,Bark\NIND_Bark_ISO25600.png
Bark\NIND_Bark_ISO100.png,Bark\NIND_Bark_ISO3200.png
Bark\NIND_Bark_ISO100.png,Bark\NIND_Bark_ISO400.png
Bark\NIND_Bark_ISO100.png,Bark\NIND_Bark_ISO51200.png
Bark\NIND_Bark_ISO100.png,Bark\NIND_Bark_ISO6400.png
Bark\NIND_Bark_ISO100.png,Bark\NIND_Bark_ISO65535.png
Bark\NIND_Bark_ISO100.png,Bark\NIND_Bark_ISO800.png
beads\NIND_beads_ISO200.jpg,beads\NIND_beads_ISO1000.jpg
beads\NIND_beads_ISO200.jpg,beads\NIND_beads_ISO3200.jpg
beads\NIND_beads_ISO200.jpg,beads\NIND_beads_ISO500.jpg
beads\NIND_beads_ISO200.jpg,beads\NIND_beads_ISO6400.jpg
bertrixtree\NIND_bertrixtree_ISO200.png,bertrixtree\NIND_bertrixtree_ISO2500.png
bertrixtree\NIND_bertrixtree_ISO200.png,bertrixtree\NIND_bertrixtree_ISO400.png
bertrixtree\NIND_bertrixtree_ISO200.png,bertrixtree\NIND_bertrixtree_ISO4000.png
bertrixtree\NIND_bertrixtree_ISO200.png,bertrixtree\NIND_bertrixtree_ISO640.png
bertrixtree\NIND_bertrixtree_ISO200.png,bertrixtree\NIND_bertrixtree_ISO6400.png
bertrixtree\NIND_bertrixtree_ISO200.png,bertrixtree\NIND_bertrixtree_ISOH1.png
Blombukett\NIND_Blombukett_ISO100.png,Blombukett\NIND_Blombukett_ISO12800.png
Blombukett\NIND_Blombukett_ISO100.png,Blombukett\NIND_Blombukett_ISO1600.png
Blombukett\NIND_Blombukett_ISO100.png,Blombukett\NIND_Blombukett_ISO200.png
Blombukett\NIND_Blombukett_ISO100.png,Blombukett\NIND_Blombukett_ISO25600.png
Blombukett\NIND_Blombukett_ISO100.png,Blombukett\NIND_Blombukett_ISO3200.png
Blombukett\NIND_Blombukett_ISO100.png,Blombukett\NIND_Blombukett_ISO400.png
Blombukett\NIND_Blombukett_ISO100.png,Blombukett\NIND_Blombukett_ISO51200.png
Blombukett\NIND_Blombukett_ISO100.png,Blombukett\NIND_Blombukett_ISO6400.png
Blombukett\NIND_Blombukett_ISO100.png,Blombukett\NIND_Blombukett_ISO65535.png
Blombukett\NIND_Blombukett_ISO100.png,Blombukett\NIND_Blombukett_ISO800.png
bloop\NIND_bloop_ISO200.jpg,bloop\NIND_bloop_ISO3200.jpg
bloop\NIND_bloop_ISO200.jpg,bloop\NIND_bloop_ISO6400.jpg
bloop\NIND_bloop_ISO200.jpg,bloop\NIND_bloop_ISOH1.jpg
books\NIND_books_ISO200.jpg,books\NIND_books_ISO1600.jpg
books\NIND_books_ISO200.jpg,books\NIND_books_ISO6400.jpg
books\NIND_books_ISO200.jpg,books\NIND_books_ISOH1.jpg
books\NIND_books_ISO200.jpg,books\NIND_books_ISOH2.jpg
BruegelLibraryS1\NIND_BruegelLibraryS1_ISO200.png,BruegelLibraryS1\NIND_BruegelLibraryS1_ISO1000.png
BruegelLibraryS1\NIND_BruegelLibraryS1_ISO200.png,BruegelLibraryS1\NIND_BruegelLibraryS1_ISO2500.png
BruegelLibraryS1\NIND_BruegelLibraryS1_ISO200.png,BruegelLibraryS1\NIND_BruegelLibraryS1_ISO3200.png
BruegelLibraryS1\NIND_BruegelLibraryS1_ISO200.png,BruegelLibraryS1\NIND_BruegelLibraryS1_ISO400.png
BruegelLibraryS1\NIND_BruegelLibraryS1_ISO200.png,BruegelLibraryS1\NIND_BruegelLibraryS1_ISO5000.png
BruegelLibraryS1\NIND_BruegelLibraryS1_ISO200.png,BruegelLibraryS1\NIND_BruegelLibraryS1_ISO6400.png
BruegelLibraryS1\NIND_BruegelLibraryS1_ISO200.png,BruegelLibraryS1\NIND_BruegelLibraryS1_ISOH1.png
BruegelLibraryS1\NIND_BruegelLibraryS1_ISO200.png,BruegelLibraryS1\NIND_BruegelLibraryS1_ISOH2.png
BruegelLibraryS2\NIND_BruegelLibraryS2_ISO200.png,BruegelLibraryS2\NIND_BruegelLibraryS2_ISO1250.png
BruegelLibraryS2\NIND_BruegelLibraryS2_ISO200.png,BruegelLibraryS2\NIND_BruegelLibraryS2_ISO2500.png
BruegelLibraryS2\NIND_BruegelLibraryS2_ISO200.png,BruegelLibraryS2\NIND_BruegelLibraryS2_ISO500.png
BruegelLibraryS2\NIND_BruegelLibraryS2_ISO200.png,BruegelLibraryS2\NIND_BruegelLibraryS2_ISO5000.png
BruegelLibraryS2\NIND_BruegelLibraryS2_ISO200.png,BruegelLibraryS2\NIND_BruegelLibraryS2_ISO6400.png
BruegelLibraryS2\NIND_BruegelLibraryS2_ISO200.png,BruegelLibraryS2\NIND_BruegelLibraryS2_ISOH1.png
BruegelLibraryS2\NIND_BruegelLibraryS2_ISO200.png,BruegelLibraryS2\NIND_BruegelLibraryS2_ISOH2.png
BruegelLibraryS2\NIND_BruegelLibraryS2_ISO200.png,BruegelLibraryS2\NIND_BruegelLibraryS2_ISOH3.png
BruegelLibraryS2\NIND_BruegelLibraryS2_ISO200.png,BruegelLibraryS2\NIND_BruegelLibraryS2_ISOH4.png
chapel\NIND_chapel_ISO200.jpg,chapel\NIND_chapel_ISO1000.jpg
chapel\NIND_chapel_ISO200.jpg,chapel\NIND_chapel_ISO6400.jpg
chapel\NIND_chapel_ISO200.jpg,chapel\NIND_chapel_ISOH1.jpg
chapel\NIND_chapel_ISO200.jpg,chapel\NIND_chapel_ISOH2.jpg
chapel\NIND_chapel_ISO200.jpg,chapel\NIND_chapel_ISOH3.jpg
claycreature\NIND_claycreature_ISO200.jpg,claycreature\NIND_claycreature_ISO4000.jpg
claycreature\NIND_claycreature_ISO200.jpg,claycreature\NIND_claycreature_ISO6400.jpg
claycreature\NIND_claycreature_ISO200.jpg,claycreature\NIND_claycreature_ISOH1.jpg
claycreatures\NIND_claycreatures_ISO200.jpg,claycreatures\NIND_claycreatures_ISO1600.jpg
claycreatures\NIND_claycreatures_ISO200.jpg,claycreatures\NIND_claycreatures_ISO5000.jpg
claycreatures\NIND_claycreatures_ISO200.jpg,claycreatures\NIND_claycreatures_ISO6400.jpg
claycreatures\NIND_claycreatures_ISO200.jpg,claycreatures\NIND_claycreatures_ISOH1.jpg
claycreatures\NIND_claycreatures_ISO200.jpg,claycreatures\NIND_claycreatures_ISOH2.jpg
claycreatures\NIND_claycreatures_ISO200.jpg,claycreatures\NIND_claycreatures_ISOH3.jpg
claytools\NIND_claytools_ISO200.jpg,claytools\NIND_claytools_ISO5000.jpg
claytools\NIND_claytools_ISO200.jpg,claytools\NIND_claytools_ISO6400.jpg
claytools\NIND_claytools_ISO200.jpg,claytools\NIND_claytools_ISOH1.jpg
claytools\NIND_claytools_ISO200.jpg,claytools\NIND_claytools_ISOH2.jpg
claytools\NIND_claytools_ISO200.jpg,claytools\NIND_claytools_ISOH3.jpg
colorscreen\NIND_colorscreen_ISO200.png,colorscreen\NIND_colorscreen_ISO1000.png
colorscreen\NIND_colorscreen_ISO200.png,colorscreen\NIND_colorscreen_ISO201.png
colorscreen\NIND_colorscreen_ISO200.png,colorscreen\NIND_colorscreen_ISO202.png
colorscreen\NIND_colorscreen_ISO200.png,colorscreen\NIND_colorscreen_ISO3200.png
colorscreen\NIND_colorscreen_ISO200.png,colorscreen\NIND_colorscreen_ISO400.png
colorscreen\NIND_colorscreen_ISO200.png,colorscreen\NIND_colorscreen_ISO6400.png
colorscreen\NIND_colorscreen_ISO200.png,colorscreen\NIND_colorscreen_ISOH1.png
corkboard\NIND_corkboard_ISO200.png,corkboard\NIND_corkboard_ISO1000.png
corkboard\NIND_corkboard_ISO200.png,corkboard\NIND_corkboard_ISO2500.png
corkboard\NIND_corkboard_ISO200.png,corkboard\NIND_corkboard_ISO320.png
corkboard\NIND_corkboard_ISO200.png,corkboard\NIND_corkboard_ISO5000.png
corkboard\NIND_corkboard_ISO200.png,corkboard\NIND_corkboard_ISO6400.png
corkboard\NIND_corkboard_ISO200.png,corkboard\NIND_corkboard_ISOH1.png
corkboard\NIND_corkboard_ISO200.png,corkboard\NIND_corkboard_ISOH2.png
corkboard\NIND_corkboard_ISO200.png,corkboard\NIND_corkboard_ISOH3.png
couch\NIND_couch_ISO50.png,couch\NIND_couch_ISO100.png
couch\NIND_couch_ISO50.png,couch\NIND_couch_ISO10000.png
couch\NIND_couch_ISO50.png,couch\NIND_couch_ISO160.png
couch\NIND_couch_ISO50.png,couch\NIND_couch_ISO1600.png
couch\NIND_couch_ISO50.png,couch\NIND_couch_ISO16000.png
couch\NIND_couch_ISO50.png,couch\NIND_couch_ISO250.png
couch\NIND_couch_ISO50.png,couch\NIND_couch_ISO25600.png
couch\NIND_couch_ISO50.png,couch\NIND_couch_ISO3200.png
couch\NIND_couch_ISO50.png,couch\NIND_couch_ISO400.png
couch\NIND_couch_ISO50.png,couch\NIND_couch_ISO40000.png
couch\NIND_couch_ISO50.png,couch\NIND_couch_ISO5000.png
couch\NIND_couch_ISO50.png,couch\NIND_couch_ISO63.png
couch\NIND_couch_ISO50.png,couch\NIND_couch_ISO79.png
couch\NIND_couch_ISO50.png,couch\NIND_couch_ISO800.png
CourtineDeVillersDebris\NIND_CourtineDeVillersDebris_ISO200.jpg,CourtineDeVillersDebris\NIND_CourtineDeVillersDebris_ISO2500.jpg
CourtineDeVillersDebris\NIND_CourtineDeVillersDebris_ISO200.jpg,CourtineDeVillersDebris\NIND_CourtineDeVillersDebris_ISO6400.jpg
CourtineDeVillersDebris\NIND_CourtineDeVillersDebris_ISO200.jpg,CourtineDeVillersDebris\NIND_CourtineDeVillersDebris_ISOH1.jpg
CourtineDeVillersDebris\NIND_CourtineDeVillersDebris_ISO200.jpg,CourtineDeVillersDebris\NIND_CourtineDeVillersDebris_ISOH2.jpg
D60-1\NIND_D60-1_ISO100.png,D60-1\NIND_D60-1_ISO1037.png
D60-1\NIND_D60-1_ISO100.png,D60-1\NIND_D60-1_ISO200.png
D60-1\NIND_D60-1_ISO100.png,D60-1\NIND_D60-1_ISO400.png
D60-1\NIND_D60-1_ISO100.png,D60-1\NIND_D60-1_ISO800.png
D60-2\NIND_D60-2_ISO100.png,D60-2\NIND_D60-2_ISO1037.png
D60-2\NIND_D60-2_ISO100.png,D60-2\NIND_D60-2_ISO200.png
D60-2\NIND_D60-2_ISO100.png,D60-2\NIND_D60-2_ISO400.png
D60-2\NIND_D60-2_ISO100.png,D60-2\NIND_D60-2_ISO800.png
D60-3\NIND_D60-3_ISO100.png,D60-3\NIND_D60-3_ISO1037.png
D60-3\NIND_D60-3_ISO100.png,D60-3\NIND_D60-3_ISO200.png
D60-3\NIND_D60-3_ISO100.png,D60-3\NIND_D60-3_ISO400.png
D60-3\NIND_D60-3_ISO100.png,D60-3\NIND_D60-3_ISO800.png
directions\NIND_directions_ISO200.jpg,directions\NIND_directions_ISO1250.jpg
directions\NIND_directions_ISO200.jpg,directions\NIND_directions_ISO640.jpg
directions\NIND_directions_ISO200.jpg,directions\NIND_directions_ISO6400.jpg
directions\NIND_directions_ISO200.jpg,directions\NIND_directions_ISO640-2.jpg
directions\NIND_directions_ISO200.jpg,directions\NIND_directions_ISO6400-2.jpg
directions\NIND_directions_ISO200.jpg,directions\NIND_directions_ISOH1.jpg
directions\NIND_directions_ISO200.jpg,directions\NIND_directions_ISOH2.jpg
directions\NIND_directions_ISO200.jpg,directions\NIND_directions_ISOH3.jpg
droid\NIND_droid_ISO200.jpg,droid\NIND_droid_ISO3200.jpg
droid\NIND_droid_ISO200.jpg,droid\NIND_droid_ISO6400.jpg
droid\NIND_droid_ISO200.jpg,droid\NIND_droid_ISO800.jpg
drowning\NIND_drowning_ISO200.jpg,drowning\NIND_drowning_ISO6400.jpg
drowning\NIND_drowning_ISO200.jpg,drowning\NIND_drowning_ISO800.jpg
drowning\NIND_drowning_ISO200.jpg,drowning\NIND_drowning_ISOH1.jpg
drowning\NIND_drowning_ISO200.jpg,drowning\NIND_drowning_ISOH2.jpg
drowning\NIND_drowning_ISO200.jpg,drowning\NIND_drowning_ISOH3.jpg
dustyrubberduck\NIND_dustyrubberduck_ISO200.png,dustyrubberduck\NIND_dustyrubberduck_ISO1000.png
dustyrubberduck\NIND_dustyrubberduck_ISO200.png,dustyrubberduck\NIND_dustyrubberduck_ISO1250.png
dustyrubberduck\NIND_dustyrubberduck_ISO200.png,dustyrubberduck\NIND_dustyrubberduck_ISO2500.png
dustyrubberduck\NIND_dustyrubberduck_ISO200.png,dustyrubberduck\NIND_dustyrubberduck_ISO5000.png
dustyrubberduck\NIND_dustyrubberduck_ISO200.png,dustyrubberduck\NIND_dustyrubberduck_ISO6400.png
dustyrubberduck\NIND_dustyrubberduck_ISO200.png,dustyrubberduck\NIND_dustyrubberduck_ISOH1.png
dustyrubberduck\NIND_dustyrubberduck_ISO200.png,dustyrubberduck\NIND_dustyrubberduck_ISOH2.png
Elplint\NIND_Elplint_ISO100.png,Elplint\NIND_Elplint_ISO12800.png
Elplint\NIND_Elplint_ISO100.png,Elplint\NIND_Elplint_ISO1600.png
Elplint\NIND_Elplint_ISO100.png,Elplint\NIND_Elplint_ISO200.png
Elplint\NIND_Elplint_ISO100.png,Elplint\NIND_Elplint_ISO25600.png
Elplint\NIND_Elplint_ISO100.png,Elplint\NIND_Elplint_ISO3200.png
Elplint\NIND_Elplint_ISO100.png,Elplint\NIND_Elplint_ISO400.png
Elplint\NIND_Elplint_ISO100.png,Elplint\NIND_Elplint_ISO51200.png
Elplint\NIND_Elplint_ISO100.png,Elplint\NIND_Elplint_ISO6400.png
Elplint\NIND_Elplint_ISO100.png,Elplint\NIND_Elplint_ISO65535.png
Elplint\NIND_Elplint_ISO100.png,Elplint\NIND_Elplint_ISO800.png
fireextinguisher\NIND_fireextinguisher_ISO200.png,fireextinguisher\NIND_fireextinguisher_ISO3200.png
fireextinguisher\NIND_fireextinguisher_ISO200.png,fireextinguisher\NIND_fireextinguisher_ISO6400.png
fireextinguisher\NIND_fireextinguisher_ISO200.png,fireextinguisher\NIND_fireextinguisher_ISO800.png
fireextinguisher\NIND_fireextinguisher_ISO200.png,fireextinguisher\NIND_fireextinguisher_ISO200-2.png
fireextinguisher\NIND_fireextinguisher_ISO200.png,fireextinguisher\NIND_fireextinguisher_ISO200-3.png
fireextinguisher\NIND_fireextinguisher_ISO200.png,fireextinguisher\NIND_fireextinguisher_ISOH1.png
fireextinguisher\NIND_fireextinguisher_ISO200.png,fireextinguisher\NIND_fireextinguisher_ISOH2.png
fireextinguisher\NIND_fireextinguisher_ISO200.png,fireextinguisher\NIND_fireextinguisher_ISOH3.png
fruits\NIND_fruits_ISO200.jpg,fruits\NIND_fruits_ISO3200.jpg
fruits\NIND_fruits_ISO200.jpg,fruits\NIND_fruits_ISO5000.jpg
fruits\NIND_fruits_ISO200.jpg,fruits\NIND_fruits_ISO6400.jpg
fruits\NIND_fruits_ISO200.jpg,fruits\NIND_fruits_ISO800.jpg
fruits\NIND_fruits_ISO200.jpg,fruits\NIND_fruits_ISO200-2.jpg
gnome\NIND_gnome_ISO200.jpg,gnome\NIND_gnome_ISO1600.jpg
gnome\NIND_gnome_ISO200.jpg,gnome\NIND_gnome_ISO6400.jpg
gnome\NIND_gnome_ISO200.jpg,gnome\NIND_gnome_ISO800.jpg
holywater\NIND_holywater_ISO200.jpg,holywater\NIND_holywater_ISO1600.jpg
holywater\NIND_holywater_ISO200.jpg,holywater\NIND_holywater_ISO4000.jpg
holywater\NIND_holywater_ISO200.jpg,holywater\NIND_holywater_ISO6400.jpg
holywater\NIND_holywater_ISO200.jpg,holywater\NIND_holywater_ISOH1.jpg
holywater\NIND_holywater_ISO200.jpg,holywater\NIND_holywater_ISOH2.jpg
holywater\NIND_holywater_ISO200.jpg,holywater\NIND_holywater_ISOH3.jpg
Homarus-americanus\NIND_Homarus-americanus_ISO200.jpg,Homarus-americanus\NIND_Homarus-americanus_ISO2000.jpg
Homarus-americanus\NIND_Homarus-americanus_ISO200.jpg,Homarus-americanus\NIND_Homarus-americanus_ISO250.jpg
Homarus-americanus\NIND_Homarus-americanus_ISO200.jpg,Homarus-americanus\NIND_Homarus-americanus_ISO3200.jpg
Homarus-americanus\NIND_Homarus-americanus_ISO200.jpg,Homarus-americanus\NIND_Homarus-americanus_ISO400.jpg
Homarus-americanus\NIND_Homarus-americanus_ISO200.jpg,Homarus-americanus\NIND_Homarus-americanus_ISO5000.jpg
Homarus-americanus\NIND_Homarus-americanus_ISO200.jpg,Homarus-americanus\NIND_Homarus-americanus_ISO6400.jpg
Homarus-americanus\NIND_Homarus-americanus_ISO200.jpg,Homarus-americanus\NIND_Homarus-americanus_ISO800.jpg
Homarus-americanus\NIND_Homarus-americanus_ISO200.jpg,Homarus-americanus\NIND_Homarus-americanus_ISO200-2.jpg
Homarus-americanus\NIND_Homarus-americanus_ISO200.jpg,Homarus-americanus\NIND_Homarus-americanus_ISOH1.jpg
Homarus-americanus\NIND_Homarus-americanus_ISO200.jpg,Homarus-americanus\NIND_Homarus-americanus_ISOH2.jpg
Iain01\NIND_Iain01_ISO200.png,Iain01\NIND_Iain01_ISO1600.png
Iain01\NIND_Iain01_ISO200.png,Iain01\NIND_Iain01_ISO3200.png
Iain01\NIND_Iain01_ISO200.png,Iain01\NIND_Iain01_ISO400.png
Iain01\NIND_Iain01_ISO200.png,Iain01\NIND_Iain01_ISO800.png
Iain01\NIND_Iain01_ISO200.png,Iain01\NIND_Iain01_ISO200-2.png
Iain01\NIND_Iain01_ISO200.png,Iain01\NIND_Iain01_ISO200-3.png
Iain01\NIND_Iain01_ISO200.png,Iain01\NIND_Iain01_ISO200-4.png
Iain02\NIND_Iain02_ISO200.png,Iain02\NIND_Iain02_ISO1600.png
Iain02\NIND_Iain02_ISO200.png,Iain02\NIND_Iain02_ISO3200.png
Iain02\NIND_Iain02_ISO200.png,Iain02\NIND_Iain02_ISO400.png
Iain02\NIND_Iain02_ISO200.png,Iain02\NIND_Iain02_ISO800.png
Iain02\NIND_Iain02_ISO200.png,Iain02\NIND_Iain02_ISO200-2.png
Iain02\NIND_Iain02_ISO200.png,Iain02\NIND_Iain02_ISO200-3.png
Iain02\NIND_Iain02_ISO200.png,Iain02\NIND_Iain02_ISO200-4.png
kibbles\NIND_kibbles_ISO200.png,kibbles\NIND_kibbles_ISO5000.png
kibbles\NIND_kibbles_ISO200.png,kibbles\NIND_kibbles_ISO6400.png
kibbles\NIND_kibbles_ISO200.png,kibbles\NIND_kibbles_ISO800.png
kibbles\NIND_kibbles_ISO200.png,kibbles\NIND_kibbles_ISO200-2.png
kibbles\NIND_kibbles_ISO200.png,kibbles\NIND_kibbles_ISOH1.png
kibbles\NIND_kibbles_ISO200.png,kibbles\NIND_kibbles_ISOH2.png
kibbles\NIND_kibbles_ISO200.png,kibbles\NIND_kibbles_ISOH3.png
Kortlek\NIND_Kortlek_ISO100.png,Kortlek\NIND_Kortlek_ISO12800.png
Kortlek\NIND_Kortlek_ISO100.png,Kortlek\NIND_Kortlek_ISO1600.png
Kortlek\NIND_Kortlek_ISO100.png,Kortlek\NIND_Kortlek_ISO200.png
Kortlek\NIND_Kortlek_ISO100.png,Kortlek\NIND_Kortlek_ISO25600.png
Kortlek\NIND_Kortlek_ISO100.png,Kortlek\NIND_Kortlek_ISO3200.png
Kortlek\NIND_Kortlek_ISO100.png,Kortlek\NIND_Kortlek_ISO400.png
Kortlek\NIND_Kortlek_ISO100.png,Kortlek\NIND_Kortlek_ISO51200.png
Kortlek\NIND_Kortlek_ISO100.png,Kortlek\NIND_Kortlek_ISO6400.png
Kortlek\NIND_Kortlek_ISO100.png,Kortlek\NIND_Kortlek_ISO65535.png
Kortlek\NIND_Kortlek_ISO100.png,Kortlek\NIND_Kortlek_ISO800.png
Kyckling-i-kruka\NIND_Kyckling-i-kruka_ISO100.png,Kyckling-i-kruka\NIND_Kyckling-i-kruka_ISO12800.png
Kyckling-i-kruka\NIND_Kyckling-i-kruka_ISO100.png,Kyckling-i-kruka\NIND_Kyckling-i-kruka_ISO1600.png
Kyckling-i-kruka\NIND_Kyckling-i-kruka_ISO100.png,Kyckling-i-kruka\NIND_Kyckling-i-kruka_ISO200.png
Kyckling-i-kruka\NIND_Kyckling-i-kruka_ISO100.png,Kyckling-i-kruka\NIND_Kyckling-i-kruka_ISO25600.png
Kyckling-i-kruka\NIND_Kyckling-i-kruka_ISO100.png,Kyckling-i-kruka\NIND_Kyckling-i-kruka_ISO3200.png
Kyckling-i-kruka\NIND_Kyckling-i-kruka_ISO100.png,Kyckling-i-kruka\NIND_Kyckling-i-kruka_ISO400.png
Kyckling-i-kruka\NIND_Kyckling-i-kruka_ISO100.png,Kyckling-i-kruka\NIND_Kyckling-i-kruka_ISO51200.png
Kyckling-i-kruka\NIND_Kyckling-i-kruka_ISO100.png,Kyckling-i-kruka\NIND_Kyckling-i-kruka_ISO6400.png
Kyckling-i-kruka\NIND_Kyckling-i-kruka_ISO100.png,Kyckling-i-kruka\NIND_Kyckling-i-kruka_ISO65535.png
Kyckling-i-kruka\NIND_Kyckling-i-kruka_ISO100.png,Kyckling-i-kruka\NIND_Kyckling-i-kruka_ISO800.png
LaptopInLibrary\NIND_LaptopInLibrary_ISO200.png,LaptopInLibrary\NIND_LaptopInLibrary_ISO1600.png
LaptopInLibrary\NIND_LaptopInLibrary_ISO200.png,LaptopInLibrary\NIND_LaptopInLibrary_ISO2500.png
LaptopInLibrary\NIND_LaptopInLibrary_ISO200.png,LaptopInLibrary\NIND_LaptopInLibrary_ISO500.png
LaptopInLibrary\NIND_LaptopInLibrary_ISO200.png,LaptopInLibrary\NIND_LaptopInLibrary_ISO6400.png
LaptopInLibrary\NIND_LaptopInLibrary_ISO200.png,LaptopInLibrary\NIND_LaptopInLibrary_ISO800.png
LaptopInLibrary\NIND_LaptopInLibrary_ISO200.png,LaptopInLibrary\NIND_LaptopInLibrary_ISOH1.png
LaptopInLibrary\NIND_LaptopInLibrary_ISO200.png,LaptopInLibrary\NIND_LaptopInLibrary_ISOH2.png
LaptopInLibrary\NIND_LaptopInLibrary_ISO200.png,LaptopInLibrary\NIND_LaptopInLibrary_ISOH3.png
Leonidas\NIND_Leonidas_ISO200.jpg,Leonidas\NIND_Leonidas_ISO3200.jpg
Leonidas\NIND_Leonidas_ISO200.jpg,Leonidas\NIND_Leonidas_ISO400.jpg
Leonidas\NIND_Leonidas_ISO200.jpg,Leonidas\NIND_Leonidas_ISO6400.jpg
Leonidas\NIND_Leonidas_ISO200.jpg,Leonidas\NIND_Leonidas_ISOH1.jpg
Metalldel\NIND_Metalldel_ISO100.png,Metalldel\NIND_Metalldel_ISO12800.png
Metalldel\NIND_Metalldel_ISO100.png,Metalldel\NIND_Metalldel_ISO1600.png
Metalldel\NIND_Metalldel_ISO100.png,Metalldel\NIND_Metalldel_ISO200.png
Metalldel\NIND_Metalldel_ISO100.png,Metalldel\NIND_Metalldel_ISO25600.png
Metalldel\NIND_Metalldel_ISO100.png,Metalldel\NIND_Metalldel_ISO3200.png
Metalldel\NIND_Metalldel_ISO100.png,Metalldel\NIND_Metalldel_ISO400.png
Metalldel\NIND_Metalldel_ISO100.png,Metalldel\NIND_Metalldel_ISO51200.png
Metalldel\NIND_Metalldel_ISO100.png,Metalldel\NIND_Metalldel_ISO6400.png
Metalldel\NIND_Metalldel_ISO100.png,Metalldel\NIND_Metalldel_ISO65535.png
Metalldel\NIND_Metalldel_ISO100.png,Metalldel\NIND_Metalldel_ISO800.png
mugshot\NIND_mugshot_ISO200.jpg,mugshot\NIND_mugshot_ISO6400.jpg
mugshot\NIND_mugshot_ISO200.jpg,mugshot\NIND_mugshot_ISOH1.jpg
MuseeL-ambon\NIND_MuseeL-ambon_ISO200.jpg,MuseeL-ambon\NIND_MuseeL-ambon_ISO2500.jpg
MuseeL-ambon\NIND_MuseeL-ambon_ISO200.jpg,MuseeL-ambon\NIND_MuseeL-ambon_ISO640.jpg
MuseeL-ambon\NIND_MuseeL-ambon_ISO200.jpg,MuseeL-ambon\NIND_MuseeL-ambon_ISO6400.jpg
MuseeL-AraPacis\NIND_MuseeL-AraPacis_ISO200.jpg,MuseeL-AraPacis\NIND_MuseeL-AraPacis_ISO4000.jpg
MuseeL-AraPacis\NIND_MuseeL-AraPacis_ISO200.jpg,MuseeL-AraPacis\NIND_MuseeL-AraPacis_ISO6400.jpg
MuseeL-AraPacis\NIND_MuseeL-AraPacis_ISO200.jpg,MuseeL-AraPacis\NIND_MuseeL-AraPacis_ISO800.jpg
MuseeL-Armlessness\NIND_MuseeL-Armlessness_ISO200.jpg,MuseeL-Armlessness\NIND_MuseeL-Armlessness_ISO2000.jpg
MuseeL-Armlessness\NIND_MuseeL-Armlessness_ISO200.jpg,MuseeL-Armlessness\NIND_MuseeL-Armlessness_ISO6400.jpg
MuseeL-Armlessness\NIND_MuseeL-Armlessness_ISO200.jpg,MuseeL-Armlessness\NIND_MuseeL-Armlessness_ISO800.jpg
MuseeL-Bobo\NIND_MuseeL-Bobo_ISO200.jpg,MuseeL-Bobo\NIND_MuseeL-Bobo_ISO2500.jpg
MuseeL-Bobo\NIND_MuseeL-Bobo_ISO200.jpg,MuseeL-Bobo\NIND_MuseeL-Bobo_ISO6400.jpg
MuseeL-Bobo\NIND_MuseeL-Bobo_ISO200.jpg,MuseeL-Bobo\NIND_MuseeL-Bobo_ISOH1.jpg
MuseeL-Bobo\NIND_MuseeL-Bobo_ISO200.jpg,MuseeL-Bobo\NIND_MuseeL-Bobo_ISOH2.jpg
MuseeL-Bobo-C500D\NIND_MuseeL-Bobo-C500D_ISO100.jpg,MuseeL-Bobo-C500D\NIND_MuseeL-Bobo-C500D_ISO1600.jpg
MuseeL-Bobo-C500D\NIND_MuseeL-Bobo-C500D_ISO100.jpg,MuseeL-Bobo-C500D\NIND_MuseeL-Bobo-C500D_ISO200.jpg
MuseeL-Bobo-C500D\NIND_MuseeL-Bobo-C500D_ISO100.jpg,MuseeL-Bobo-C500D\NIND_MuseeL-Bobo-C500D_ISO3200.jpg
MuseeL-Bobo-C500D\NIND_MuseeL-Bobo-C500D_ISO100.jpg,MuseeL-Bobo-C500D\NIND_MuseeL-Bobo-C500D_ISO400.jpg
MuseeL-Bobo-C500D\NIND_MuseeL-Bobo-C500D_ISO100.jpg,MuseeL-Bobo-C500D\NIND_MuseeL-Bobo-C500D_ISO800.jpg
MuseeL-Bobo-C500D\NIND_MuseeL-Bobo-C500D_ISO100.jpg,MuseeL-Bobo-C500D\NIND_MuseeL-Bobo-C500D_ISOH1.jpg
MuseeL-byMarcGroessens\NIND_MuseeL-byMarcGroessens_ISO200.jpg,MuseeL-byMarcGroessens\NIND_MuseeL-byMarcGroessens_ISO3200.jpg
MuseeL-byMarcGroessens\NIND_MuseeL-byMarcGroessens_ISO200.jpg,MuseeL-byMarcGroessens\NIND_MuseeL-byMarcGroessens_ISO400.jpg
MuseeL-byMarcGroessens\NIND_MuseeL-byMarcGroessens_ISO200.jpg,MuseeL-byMarcGroessens\NIND_MuseeL-byMarcGroessens_ISO6400.jpg
MuseeL-centrifuge\NIND_MuseeL-centrifuge_ISO200.jpg,MuseeL-centrifuge\NIND_MuseeL-centrifuge_ISO2000.jpg
MuseeL-centrifuge\NIND_MuseeL-centrifuge_ISO200.jpg,MuseeL-centrifuge\NIND_MuseeL-centrifuge_ISO6400.jpg
MuseeL-centrifuge\NIND_MuseeL-centrifuge_ISO200.jpg,MuseeL-centrifuge\NIND_MuseeL-centrifuge_ISO800.jpg
MuseeL-clam\NIND_MuseeL-clam_ISO200.jpg,MuseeL-clam\NIND_MuseeL-clam_ISO6400.jpg
MuseeL-clam\NIND_MuseeL-clam_ISO200.jpg,MuseeL-clam\NIND_MuseeL-clam_ISOH1.jpg
MuseeL-CopteArch-C500D\NIND_MuseeL-CopteArch-C500D_ISO100.jpg,MuseeL-CopteArch-C500D\NIND_MuseeL-CopteArch-C500D_ISO1600.jpg
MuseeL-CopteArch-C500D\NIND_MuseeL-CopteArch-C500D_ISO100.jpg,MuseeL-CopteArch-C500D\NIND_MuseeL-CopteArch-C500D_ISO200.jpg
MuseeL-CopteArch-C500D\NIND_MuseeL-CopteArch-C500D_ISO100.jpg,MuseeL-CopteArch-C500D\NIND_MuseeL-CopteArch-C500D_ISO3200.jpg
MuseeL-CopteArch-C500D\NIND_MuseeL-CopteArch-C500D_ISO100.jpg,MuseeL-CopteArch-C500D\NIND_MuseeL-CopteArch-C500D_ISO400.jpg
MuseeL-CopteArch-C500D\NIND_MuseeL-CopteArch-C500D_ISO100.jpg,MuseeL-CopteArch-C500D\NIND_MuseeL-CopteArch-C500D_ISO100-2.jpg
MuseeL-coral\NIND_MuseeL-coral_ISO200.jpg,MuseeL-coral\NIND_MuseeL-coral_ISO5000.jpg
MuseeL-coral\NIND_MuseeL-coral_ISO200.jpg,MuseeL-coral\NIND_MuseeL-coral_ISO6400.jpg
MuseeL-coral\NIND_MuseeL-coral_ISO200.jpg,MuseeL-coral\NIND_MuseeL-coral_ISO800.jpg
MuseeL-coral2\NIND_MuseeL-coral2_ISO200.jpg,MuseeL-coral2\NIND_MuseeL-coral2_ISO6400.jpg
MuseeL-coral2\NIND_MuseeL-coral2_ISO200.jpg,MuseeL-coral2\NIND_MuseeL-coral2_ISOH1.jpg
MuseeL-coral2\NIND_MuseeL-coral2_ISO200.jpg,MuseeL-coral2\NIND_MuseeL-coral2_ISOH2.jpg
MuseeL-cross\NIND_MuseeL-cross_ISO200.jpg,MuseeL-cross\NIND_MuseeL-cross_ISO4000.jpg
MuseeL-cross\NIND_MuseeL-cross_ISO200.jpg,MuseeL-cross\NIND_MuseeL-cross_ISO500.jpg
MuseeL-cross\NIND_MuseeL-cross_ISO200.jpg,MuseeL-cross\NIND_MuseeL-cross_ISO6400.jpg
MuseeL-cross-C500D\NIND_MuseeL-cross-C500D_ISO100.jpg,MuseeL-cross-C500D\NIND_MuseeL-cross-C500D_ISO1600.jpg
MuseeL-cross-C500D\NIND_MuseeL-cross-C500D_ISO100.jpg,MuseeL-cross-C500D\NIND_MuseeL-cross-C500D_ISO200.jpg
MuseeL-cross-C500D\NIND_MuseeL-cross-C500D_ISO100.jpg,MuseeL-cross-C500D\NIND_MuseeL-cross-C500D_ISO3200.jpg
MuseeL-cross-C500D\NIND_MuseeL-cross-C500D_ISO100.jpg,MuseeL-cross-C500D\NIND_MuseeL-cross-C500D_ISO400.jpg
MuseeL-cross-C500D\NIND_MuseeL-cross-C500D_ISO100.jpg,MuseeL-cross-C500D\NIND_MuseeL-cross-C500D_ISO800.jpg
MuseeL-cross-C500D\NIND_MuseeL-cross-C500D_ISO100.jpg,MuseeL-cross-C500D\NIND_MuseeL-cross-C500D_ISOH1.jpg
MuseeL-fuite\NIND_MuseeL-fuite_ISO200.jpg,MuseeL-fuite\NIND_MuseeL-fuite_ISO320.jpg
MuseeL-fuite\NIND_MuseeL-fuite_ISO200.jpg,MuseeL-fuite\NIND_MuseeL-fuite_ISO4000.jpg
MuseeL-fuite\NIND_MuseeL-fuite_ISO200.jpg,MuseeL-fuite\NIND_MuseeL-fuite_ISO6400.jpg
MuseeL-fuite-C500D\NIND_MuseeL-fuite-C500D_ISO100.jpg,MuseeL-fuite-C500D\NIND_MuseeL-fuite-C500D_ISO1600.jpg
MuseeL-fuite-C500D\NIND_MuseeL-fuite-C500D_ISO100.jpg,MuseeL-fuite-C500D\NIND_MuseeL-fuite-C500D_ISO200.jpg
MuseeL-fuite-C500D\NIND_MuseeL-fuite-C500D_ISO100.jpg,MuseeL-fuite-C500D\NIND_MuseeL-fuite-C500D_ISO3200.jpg
MuseeL-fuite-C500D\NIND_MuseeL-fuite-C500D_ISO100.jpg,MuseeL-fuite-C500D\NIND_MuseeL-fuite-C500D_ISO400.jpg
MuseeL-fuite-C500D\NIND_MuseeL-fuite-C500D_ISO100.jpg,MuseeL-fuite-C500D\NIND_MuseeL-fuite-C500D_ISO800.jpg
MuseeL-fuite-C500D\NIND_MuseeL-fuite-C500D_ISO100.jpg,MuseeL-fuite-C500D\NIND_MuseeL-fuite-C500D_ISOH1.jpg
MuseeL-hanging\NIND_MuseeL-hanging_ISO200.jpg,MuseeL-hanging\NIND_MuseeL-hanging_ISO4000.jpg
MuseeL-hanging\NIND_MuseeL-hanging_ISO200.jpg,MuseeL-hanging\NIND_MuseeL-hanging_ISO500.jpg
MuseeL-hanging\NIND_MuseeL-hanging_ISO200.jpg,MuseeL-hanging\NIND_MuseeL-hanging_ISO6400.jpg
MuseeL-head\NIND_MuseeL-head_ISO200.jpg,MuseeL-head\NIND_MuseeL-head_ISO3200.jpg
MuseeL-head\NIND_MuseeL-head_ISO200.jpg,MuseeL-head\NIND_MuseeL-head_ISO640.jpg
MuseeL-head\NIND_MuseeL-head_ISO200.jpg,MuseeL-head\NIND_MuseeL-head_ISO6400.jpg
MuseeL-heads\NIND_MuseeL-heads_ISO200.jpg,MuseeL-heads\NIND_MuseeL-heads_ISO3200.jpg
MuseeL-heads\NIND_MuseeL-heads_ISO200.jpg,MuseeL-heads\NIND_MuseeL-heads_ISO400.jpg
MuseeL-heads\NIND_MuseeL-heads_ISO200.jpg,MuseeL-heads\NIND_MuseeL-heads_ISO6400.jpg
MuseeL-idole-C500D\NIND_MuseeL-idole-C500D_ISO100.jpg,MuseeL-idole-C500D\NIND_MuseeL-idole-C500D_ISO200.jpg
MuseeL-idole-C500D\NIND_MuseeL-idole-C500D_ISO100.jpg,MuseeL-idole-C500D\NIND_MuseeL-idole-C500D_ISO3200.jpg
MuseeL-idole-C500D\NIND_MuseeL-idole-C500D_ISO100.jpg,MuseeL-idole-C500D\NIND_MuseeL-idole-C500D_ISO400.jpg
MuseeL-idole-C500D\NIND_MuseeL-idole-C500D_ISO100.jpg,MuseeL-idole-C500D\NIND_MuseeL-idole-C500D_ISO800.jpg
MuseeL-idole-C500D\NIND_MuseeL-idole-C500D_ISO100.jpg,MuseeL-idole-C500D\NIND_MuseeL-idole-C500D_ISO100-2.jpg
MuseeL-idole-C500D\NIND_MuseeL-idole-C500D_ISO100.jpg,MuseeL-idole-C500D\NIND_MuseeL-idole-C500D_ISOH1.jpg
MuseeL-inspiredlotus\NIND_MuseeL-inspiredlotus_ISO200.jpg,MuseeL-inspiredlotus\NIND_MuseeL-inspiredlotus_ISO2500.jpg
MuseeL-inspiredlotus\NIND_MuseeL-inspiredlotus_ISO200.jpg,MuseeL-inspiredlotus\NIND_MuseeL-inspiredlotus_ISO640.jpg
MuseeL-inspiredlotus\NIND_MuseeL-inspiredlotus_ISO200.jpg,MuseeL-inspiredlotus\NIND_MuseeL-inspiredlotus_ISO6400.jpg
MuseeL-mammal-C500D\NIND_MuseeL-mammal-C500D_ISO100.jpg,MuseeL-mammal-C500D\NIND_MuseeL-mammal-C500D_ISO1600.jpg
MuseeL-mammal-C500D\NIND_MuseeL-mammal-C500D_ISO100.jpg,MuseeL-mammal-C500D\NIND_MuseeL-mammal-C500D_ISO200.jpg
MuseeL-mammal-C500D\NIND_MuseeL-mammal-C500D_ISO100.jpg,MuseeL-mammal-C500D\NIND_MuseeL-mammal-C500D_ISO3200.jpg
MuseeL-mammal-C500D\NIND_MuseeL-mammal-C500D_ISO100.jpg,MuseeL-mammal-C500D\NIND_MuseeL-mammal-C500D_ISO400.jpg
MuseeL-mammal-C500D\NIND_MuseeL-mammal-C500D_ISO100.jpg,MuseeL-mammal-C500D\NIND_MuseeL-mammal-C500D_ISO800.jpg
MuseeL-mammal-C500D\NIND_MuseeL-mammal-C500D_ISO100.jpg,MuseeL-mammal-C500D\NIND_MuseeL-mammal-C500D_ISOH1.jpg
MuseeL-mask\NIND_MuseeL-mask_ISO200.jpg,MuseeL-mask\NIND_MuseeL-mask_ISO4000.jpg
MuseeL-mask\NIND_MuseeL-mask_ISO200.jpg,MuseeL-mask\NIND_MuseeL-mask_ISO640.jpg
MuseeL-mask\NIND_MuseeL-mask_ISO200.jpg,MuseeL-mask\NIND_MuseeL-mask_ISO6400.jpg
MuseeL-Moschophore\NIND_MuseeL-Moschophore_ISO200.jpg,MuseeL-Moschophore\NIND_MuseeL-Moschophore_ISO4000.jpg
MuseeL-Moschophore\NIND_MuseeL-Moschophore_ISO200.jpg,MuseeL-Moschophore\NIND_MuseeL-Moschophore_ISO500.jpg
MuseeL-Moschophore\NIND_MuseeL-Moschophore_ISO200.jpg,MuseeL-Moschophore\NIND_MuseeL-Moschophore_ISO6400.jpg
MuseeL-Ndengese\NIND_MuseeL-Ndengese_ISO200.jpg,MuseeL-Ndengese\NIND_MuseeL-Ndengese_ISO6400.jpg
MuseeL-Ndengese\NIND_MuseeL-Ndengese_ISO200.jpg,MuseeL-Ndengese\NIND_MuseeL-Ndengese_ISOH1.jpg
MuseeL-painting\NIND_MuseeL-painting_ISO200.jpg,MuseeL-painting\NIND_MuseeL-painting_ISO3200.jpg
MuseeL-painting\NIND_MuseeL-painting_ISO200.jpg,MuseeL-painting\NIND_MuseeL-painting_ISO6400.jpg
MuseeL-painting\NIND_MuseeL-painting_ISO200.jpg,MuseeL-painting\NIND_MuseeL-painting_ISO800.jpg
MuseeL-pedestal\NIND_MuseeL-pedestal_ISO200.jpg,MuseeL-pedestal\NIND_MuseeL-pedestal_ISO1250.jpg
MuseeL-pedestal\NIND_MuseeL-pedestal_ISO200.jpg,MuseeL-pedestal\NIND_MuseeL-pedestal_ISO5000.jpg
MuseeL-pedestal\NIND_MuseeL-pedestal_ISO200.jpg,MuseeL-pedestal\NIND_MuseeL-pedestal_ISO6400.jpg
MuseeL-pig\NIND_MuseeL-pig_ISO200.jpg,MuseeL-pig\NIND_MuseeL-pig_ISO2000.jpg
MuseeL-pig\NIND_MuseeL-pig_ISO200.jpg,MuseeL-pig\NIND_MuseeL-pig_ISO500.jpg
MuseeL-pig\NIND_MuseeL-pig_ISO200.jpg,MuseeL-pig\NIND_MuseeL-pig_ISO6400.jpg
MuseeL-pinklotus\NIND_MuseeL-pinklotus_ISO200.jpg,MuseeL-pinklotus\NIND_MuseeL-pinklotus_ISO4000.jpg
MuseeL-pinklotus\NIND_MuseeL-pinklotus_ISO200.jpg,MuseeL-pinklotus\NIND_MuseeL-pinklotus_ISO6400.jpg
MuseeL-pinklotus\NIND_MuseeL-pinklotus_ISO200.jpg,MuseeL-pinklotus\NIND_MuseeL-pinklotus_ISO800.jpg
MuseeL-ram\NIND_MuseeL-ram_ISO200.jpg,MuseeL-ram\NIND_MuseeL-ram_ISO1000.jpg
MuseeL-ram\NIND_MuseeL-ram_ISO200.jpg,MuseeL-ram\NIND_MuseeL-ram_ISO6400.jpg
MuseeL-ram\NIND_MuseeL-ram_ISO200.jpg,MuseeL-ram\NIND_MuseeL-ram_ISO800.jpg
MuseeL-RGB\NIND_MuseeL-RGB_ISO200.jpg,MuseeL-RGB\NIND_MuseeL-RGB_ISO1000.jpg
MuseeL-RGB\NIND_MuseeL-RGB_ISO200.jpg,MuseeL-RGB\NIND_MuseeL-RGB_ISO250.jpg
MuseeL-RGB\NIND_MuseeL-RGB_ISO200.jpg,MuseeL-RGB\NIND_MuseeL-RGB_ISO6400.jpg
MuseeL-Saint-Pierre-C500D\NIND_MuseeL-Saint-Pierre-C500D_ISO100.jpg,MuseeL-Saint-Pierre-C500D\NIND_MuseeL-Saint-Pierre-C500D_ISO1600.jpg
MuseeL-Saint-Pierre-C500D\NIND_MuseeL-Saint-Pierre-C500D_ISO100.jpg,MuseeL-Saint-Pierre-C500D\NIND_MuseeL-Saint-Pierre-C500D_ISO200.jpg
MuseeL-Saint-Pierre-C500D\NIND_MuseeL-Saint-Pierre-C500D_ISO100.jpg,MuseeL-Saint-Pierre-C500D\NIND_MuseeL-Saint-Pierre-C500D_ISO3200.jpg
MuseeL-Saint-Pierre-C500D\NIND_MuseeL-Saint-Pierre-C500D_ISO100.jpg,MuseeL-Saint-Pierre-C500D\NIND_MuseeL-Saint-Pierre-C500D_ISO400.jpg
MuseeL-Saint-Pierre-C500D\NIND_MuseeL-Saint-Pierre-C500D_ISO100.jpg,MuseeL-Saint-Pierre-C500D\NIND_MuseeL-Saint-Pierre-C500D_ISO800.jpg
MuseeL-Saint-Pierre-C500D\NIND_MuseeL-Saint-Pierre-C500D_ISO100.jpg,MuseeL-Saint-Pierre-C500D\NIND_MuseeL-Saint-Pierre-C500D_ISO100-2.jpg
MuseeL-Saint-Pierre-C500D\NIND_MuseeL-Saint-Pierre-C500D_ISO100.jpg,MuseeL-Saint-Pierre-C500D\NIND_MuseeL-Saint-Pierre-C500D_ISOH1.jpg
MuseeL-Sepik-C500D\NIND_MuseeL-Sepik-C500D_ISO100.jpg,MuseeL-Sepik-C500D\NIND_MuseeL-Sepik-C500D_ISO1600.jpg
MuseeL-Sepik-C500D\NIND_MuseeL-Sepik-C500D_ISO100.jpg,MuseeL-Sepik-C500D\NIND_MuseeL-Sepik-C500D_ISO200.jpg
MuseeL-Sepik-C500D\NIND_MuseeL-Sepik-C500D_ISO100.jpg,MuseeL-Sepik-C500D\NIND_MuseeL-Sepik-C500D_ISO3200.jpg
MuseeL-Sepik-C500D\NIND_MuseeL-Sepik-C500D_ISO100.jpg,MuseeL-Sepik-C500D\NIND_MuseeL-Sepik-C500D_ISO800.jpg
MuseeL-Sepik-C500D\NIND_MuseeL-Sepik-C500D_ISO100.jpg,MuseeL-Sepik-C500D\NIND_MuseeL-Sepik-C500D_ISOH1.jpg
MuseeL-shell\NIND_MuseeL-shell_ISO200.jpg,MuseeL-shell\NIND_MuseeL-shell_ISO400.jpg
MuseeL-shell\NIND_MuseeL-shell_ISO200.jpg,MuseeL-shell\NIND_MuseeL-shell_ISO6400.jpg
MuseeL-shell\NIND_MuseeL-shell_ISO200.jpg,MuseeL-shell\NIND_MuseeL-shell_ISO800.jpg
MuseeL-skull-C500D\NIND_MuseeL-skull-C500D_ISO100.jpg,MuseeL-skull-C500D\NIND_MuseeL-skull-C500D_ISO1600.jpg
MuseeL-skull-C500D\NIND_MuseeL-skull-C500D_ISO100.jpg,MuseeL-skull-C500D\NIND_MuseeL-skull-C500D_ISO200.jpg
MuseeL-skull-C500D\NIND_MuseeL-skull-C500D_ISO100.jpg,MuseeL-skull-C500D\NIND_MuseeL-skull-C500D_ISO3200.jpg
MuseeL-skull-C500D\NIND_MuseeL-skull-C500D_ISO100.jpg,MuseeL-skull-C500D\NIND_MuseeL-skull-C500D_ISO400.jpg
MuseeL-skull-C500D\NIND_MuseeL-skull-C500D_ISO100.jpg,MuseeL-skull-C500D\NIND_MuseeL-skull-C500D_ISO800.jpg
MuseeL-skull-C500D\NIND_MuseeL-skull-C500D_ISO100.jpg,MuseeL-skull-C500D\NIND_MuseeL-skull-C500D_ISOH1.jpg
MuseeL-snakeAndMask\NIND_MuseeL-snakeAndMask_ISO200.jpg,MuseeL-snakeAndMask\NIND_MuseeL-snakeAndMask_ISO2000.jpg
MuseeL-snakeAndMask\NIND_MuseeL-snakeAndMask_ISO200.jpg,MuseeL-snakeAndMask\NIND_MuseeL-snakeAndMask_ISO6400.jpg
MuseeL-snakeAndMask\NIND_MuseeL-snakeAndMask_ISO200.jpg,MuseeL-snakeAndMask\NIND_MuseeL-snakeAndMask_ISOH1.jpg
MuseeL-sol-C500D\NIND_MuseeL-sol-C500D_ISO100.jpg,MuseeL-sol-C500D\NIND_MuseeL-sol-C500D_ISO200.jpg
MuseeL-sol-C500D\NIND_MuseeL-sol-C500D_ISO100.jpg,MuseeL-sol-C500D\NIND_MuseeL-sol-C500D_ISO3200.jpg
MuseeL-sol-C500D\NIND_MuseeL-sol-C500D_ISO100.jpg,MuseeL-sol-C500D\NIND_MuseeL-sol-C500D_ISO400.jpg
MuseeL-sol-C500D\NIND_MuseeL-sol-C500D_ISO100.jpg,MuseeL-sol-C500D\NIND_MuseeL-sol-C500D_ISO800.jpg
MuseeL-sol-C500D\NIND_MuseeL-sol-C500D_ISO100.jpg,MuseeL-sol-C500D\NIND_MuseeL-sol-C500D_ISOH1.jpg
MuseeL-stele\NIND_MuseeL-stele_ISO200.jpg,MuseeL-stele\NIND_MuseeL-stele_ISO1000.jpg
MuseeL-stele\NIND_MuseeL-stele_ISO200.jpg,MuseeL-stele\NIND_MuseeL-stele_ISO640.jpg
MuseeL-stele\NIND_MuseeL-stele_ISO200.jpg,MuseeL-stele\NIND_MuseeL-stele_ISO6400.jpg
MuseeL-text\NIND_MuseeL-text_ISO200.jpg,MuseeL-text\NIND_MuseeL-text_ISO400.jpg
MuseeL-text\NIND_MuseeL-text_ISO200.jpg,MuseeL-text\NIND_MuseeL-text_ISO5000.jpg
MuseeL-text\NIND_MuseeL-text_ISO200.jpg,MuseeL-text\NIND_MuseeL-text_ISO6400.jpg
MuseeL-theatre\NIND_MuseeL-theatre_ISO200.jpg,MuseeL-theatre\NIND_MuseeL-theatre_ISO2500.jpg
MuseeL-theatre\NIND_MuseeL-theatre_ISO200.jpg,MuseeL-theatre\NIND_MuseeL-theatre_ISO400.jpg
MuseeL-theatre\NIND_MuseeL-theatre_ISO200.jpg,MuseeL-theatre\NIND_MuseeL-theatre_ISO6400.jpg
MuseeL-turtle\NIND_MuseeL-turtle_ISO200.jpg,MuseeL-turtle\NIND_MuseeL-turtle_ISO1250.jpg
MuseeL-turtle\NIND_MuseeL-turtle_ISO200.jpg,MuseeL-turtle\NIND_MuseeL-turtle_ISO6400.jpg
MuseeL-turtle\NIND_MuseeL-turtle_ISO200.jpg,MuseeL-turtle\NIND_MuseeL-turtle_ISO800.jpg
MuseeL-Vanillekipferl\NIND_MuseeL-Vanillekipferl_ISO200.jpg,MuseeL-Vanillekipferl\NIND_MuseeL-Vanillekipferl_ISO6400.jpg
MuseeL-Vanillekipferl\NIND_MuseeL-Vanillekipferl_ISO200.jpg,MuseeL-Vanillekipferl\NIND_MuseeL-Vanillekipferl_ISOH1.jpg
MuseeL-Vincent\NIND_MuseeL-Vincent_ISO200.jpg,MuseeL-Vincent\NIND_MuseeL-Vincent_ISO2500.jpg
MuseeL-Vincent\NIND_MuseeL-Vincent_ISO200.jpg,MuseeL-Vincent\NIND_MuseeL-Vincent_ISO400.jpg
MuseeL-Vincent\NIND_MuseeL-Vincent_ISO200.jpg,MuseeL-Vincent\NIND_MuseeL-Vincent_ISO6400.jpg
MuseeL-yombe\NIND_MuseeL-yombe_ISO200.jpg,MuseeL-yombe\NIND_MuseeL-yombe_ISO3200.jpg
MuseeL-yombe\NIND_MuseeL-yombe_ISO200.jpg,MuseeL-yombe\NIND_MuseeL-yombe_ISO640.jpg
MuseeL-yombe\NIND_MuseeL-yombe_ISO200.jpg,MuseeL-yombe\NIND_MuseeL-yombe_ISO6400.jpg
MuseeL-yombe-C500D\NIND_MuseeL-yombe-C500D_ISO100.jpg,MuseeL-yombe-C500D\NIND_MuseeL-yombe-C500D_ISO1600.jpg
MuseeL-yombe-C500D\NIND_MuseeL-yombe-C500D_ISO100.jpg,MuseeL-yombe-C500D\NIND_MuseeL-yombe-C500D_ISO3200.jpg
MuseeL-yombe-C500D\NIND_MuseeL-yombe-C500D_ISO100.jpg,MuseeL-yombe-C500D\NIND_MuseeL-yombe-C500D_ISO400.jpg
MuseeL-yombe-C500D\NIND_MuseeL-yombe-C500D_ISO100.jpg,MuseeL-yombe-C500D\NIND_MuseeL-yombe-C500D_ISO800.jpg
MuseeL-yombe-C500D\NIND_MuseeL-yombe-C500D_ISO100.jpg,MuseeL-yombe-C500D\NIND_MuseeL-yombe-C500D_ISOH1.jpg
MVB-1887GrandPlace\NIND_MVB-1887GrandPlace_ISO200.jpg,MVB-1887GrandPlace\NIND_MVB-1887GrandPlace_ISO2000.jpg
MVB-1887GrandPlace\NIND_MVB-1887GrandPlace_ISO200.jpg,MVB-1887GrandPlace\NIND_MVB-1887GrandPlace_ISO400.jpg
MVB-1887GrandPlace\NIND_MVB-1887GrandPlace_ISO200.jpg,MVB-1887GrandPlace\NIND_MVB-1887GrandPlace_ISO5000.jpg
MVB-1887GrandPlace\NIND_MVB-1887GrandPlace_ISO200.jpg,MVB-1887GrandPlace\NIND_MVB-1887GrandPlace_ISO640.jpg
MVB-1887GrandPlace\NIND_MVB-1887GrandPlace_ISO200.jpg,MVB-1887GrandPlace\NIND_MVB-1887GrandPlace_ISO6400.jpg
MVB-1887GrandPlace\NIND_MVB-1887GrandPlace_ISO200.jpg,MVB-1887GrandPlace\NIND_MVB-1887GrandPlace_ISO200-2.jpg
MVB-1887GrandPlace\NIND_MVB-1887GrandPlace_ISO200.jpg,MVB-1887GrandPlace\NIND_MVB-1887GrandPlace_ISOH1.jpg
MVB-1887GrandPlace\NIND_MVB-1887GrandPlace_ISO200.jpg,MVB-1887GrandPlace\NIND_MVB-1887GrandPlace_ISOH2.jpg
MVB-Bombardement\NIND_MVB-Bombardement_ISO200.jpg,MVB-Bombardement\NIND_MVB-Bombardement_ISO320.jpg
MVB-Bombardement\NIND_MVB-Bombardement_ISO200.jpg,MVB-Bombardement\NIND_MVB-Bombardement_ISO5000.jpg
MVB-Bombardement\NIND_MVB-Bombardement_ISO200.jpg,MVB-Bombardement\NIND_MVB-Bombardement_ISO6400.jpg
MVB-Bombardement\NIND_MVB-Bombardement_ISO200.jpg,MVB-Bombardement\NIND_MVB-Bombardement_ISO800.jpg
MVB-Bombardement\NIND_MVB-Bombardement_ISO200.jpg,MVB-Bombardement\NIND_MVB-Bombardement_ISO200-2.jpg
MVB-Bombardement\NIND_MVB-Bombardement_ISO200.jpg,MVB-Bombardement\NIND_MVB-Bombardement_ISOH1.jpg
MVB-Bombardement\NIND_MVB-Bombardement_ISO200.jpg,MVB-Bombardement\NIND_MVB-Bombardement_ISOH2.jpg
MVB-Bombardement\NIND_MVB-Bombardement_ISO200.jpg,MVB-Bombardement\NIND_MVB-Bombardement_ISOH3.jpg
MVB-heraldicLion\NIND_MVB-heraldicLion_ISO200.jpg,MVB-heraldicLion\NIND_MVB-heraldicLion_ISO1000.jpg
MVB-heraldicLion\NIND_MVB-heraldicLion_ISO200.jpg,MVB-heraldicLion\NIND_MVB-heraldicLion_ISO320.jpg
MVB-heraldicLion\NIND_MVB-heraldicLion_ISO200.jpg,MVB-heraldicLion\NIND_MVB-heraldicLion_ISO3200.jpg
MVB-heraldicLion\NIND_MVB-heraldicLion_ISO200.jpg,MVB-heraldicLion\NIND_MVB-heraldicLion_ISO6400.jpg
MVB-heraldicLion\NIND_MVB-heraldicLion_ISO200.jpg,MVB-heraldicLion\NIND_MVB-heraldicLion_ISO200-2.jpg
MVB-heraldicLion\NIND_MVB-heraldicLion_ISO200.jpg,MVB-heraldicLion\NIND_MVB-heraldicLion_ISOH1.jpg
MVB-heraldicLion\NIND_MVB-heraldicLion_ISO200.jpg,MVB-heraldicLion\NIND_MVB-heraldicLion_ISOH2.jpg
MVB-JardinBotanique\NIND_MVB-JardinBotanique_ISO200.jpg,MVB-JardinBotanique\NIND_MVB-JardinBotanique_ISO1000.jpg
MVB-JardinBotanique\NIND_MVB-JardinBotanique_ISO200.jpg,MVB-JardinBotanique\NIND_MVB-JardinBotanique_ISO2500.jpg
MVB-JardinBotanique\NIND_MVB-JardinBotanique_ISO200.jpg,MVB-JardinBotanique\NIND_MVB-JardinBotanique_ISO3200.jpg
MVB-JardinBotanique\NIND_MVB-JardinBotanique_ISO200.jpg,MVB-JardinBotanique\NIND_MVB-JardinBotanique_ISO400.jpg
MVB-JardinBotanique\NIND_MVB-JardinBotanique_ISO200.jpg,MVB-JardinBotanique\NIND_MVB-JardinBotanique_ISO6400.jpg
MVB-JardinBotanique\NIND_MVB-JardinBotanique_ISO200.jpg,MVB-JardinBotanique\NIND_MVB-JardinBotanique_ISO200-2.jpg
MVB-LouveFire\NIND_MVB-LouveFire_ISO200.jpg,MVB-LouveFire\NIND_MVB-LouveFire_ISO1600.jpg
MVB-LouveFire\NIND_MVB-LouveFire_ISO200.jpg,MVB-LouveFire\NIND_MVB-LouveFire_ISO3200.jpg
MVB-LouveFire\NIND_MVB-LouveFire_ISO200.jpg,MVB-LouveFire\NIND_MVB-LouveFire_ISO400.jpg
MVB-LouveFire\NIND_MVB-LouveFire_ISO200.jpg,MVB-LouveFire\NIND_MVB-LouveFire_ISO6400.jpg
MVB-LouveFire\NIND_MVB-LouveFire_ISO200.jpg,MVB-LouveFire\NIND_MVB-LouveFire_ISO800.jpg
MVB-LouveFire\NIND_MVB-LouveFire_ISO200.jpg,MVB-LouveFire\NIND_MVB-LouveFire_ISO200-2.jpg
MVB-LouveFire\NIND_MVB-LouveFire_ISO200.jpg,MVB-LouveFire\NIND_MVB-LouveFire_ISO6400-2.jpg
MVB-LouveFire\NIND_MVB-LouveFire_ISO200.jpg,MVB-LouveFire\NIND_MVB-LouveFire_ISOH1.jpg
MVB-LouveFire\NIND_MVB-LouveFire_ISO200.jpg,MVB-LouveFire\NIND_MVB-LouveFire_ISOH2.jpg
MVB-Sainte-Anne\NIND_MVB-Sainte-Anne_ISO200.jpg,MVB-Sainte-Anne\NIND_MVB-Sainte-Anne_ISO250.jpg
MVB-Sainte-Anne\NIND_MVB-Sainte-Anne_ISO200.jpg,MVB-Sainte-Anne\NIND_MVB-Sainte-Anne_ISO4000.jpg
MVB-Sainte-Anne\NIND_MVB-Sainte-Anne_ISO200.jpg,MVB-Sainte-Anne\NIND_MVB-Sainte-Anne_ISO640.jpg
MVB-Sainte-Anne\NIND_MVB-Sainte-Anne_ISO200.jpg,MVB-Sainte-Anne\NIND_MVB-Sainte-Anne_ISO6400.jpg
MVB-Sainte-Anne\NIND_MVB-Sainte-Anne_ISO200.jpg,MVB-Sainte-Anne\NIND_MVB-Sainte-Anne_ISO200-2.jpg
MVB-Sainte-Anne\NIND_MVB-Sainte-Anne_ISO200.jpg,MVB-Sainte-Anne\NIND_MVB-Sainte-Anne_ISOH1.jpg
MVB-Urania\NIND_MVB-Urania_ISO200.jpg,MVB-Urania\NIND_MVB-Urania_ISO1000.jpg
MVB-Urania\NIND_MVB-Urania_ISO200.jpg,MVB-Urania\NIND_MVB-Urania_ISO2500.jpg
MVB-Urania\NIND_MVB-Urania_ISO200.jpg,MVB-Urania\NIND_MVB-Urania_ISO320.jpg
MVB-Urania\NIND_MVB-Urania_ISO200.jpg,MVB-Urania\NIND_MVB-Urania_ISO500.jpg
MVB-Urania\NIND_MVB-Urania_ISO200.jpg,MVB-Urania\NIND_MVB-Urania_ISO5000.jpg
MVB-Urania\NIND_MVB-Urania_ISO200.jpg,MVB-Urania\NIND_MVB-Urania_ISO6400.jpg
MVB-Urania\NIND_MVB-Urania_ISO200.jpg,MVB-Urania\NIND_MVB-Urania_ISOH1.jpg
MVB-Urania\NIND_MVB-Urania_ISO200.jpg,MVB-Urania\NIND_MVB-Urania_ISOH2.jpg
Ottignies\NIND_Ottignies_ISO200.jpg,Ottignies\NIND_Ottignies_ISO3200.jpg
Ottignies\NIND_Ottignies_ISO200.jpg,Ottignies\NIND_Ottignies_ISO640.jpg
Ottignies\NIND_Ottignies_ISO200.jpg,Ottignies\NIND_Ottignies_ISO6400.jpg
parking-keyboard\NIND_parking-keyboard_ISO200.jpg,parking-keyboard\NIND_parking-keyboard_ISO1600.jpg
parking-keyboard\NIND_parking-keyboard_ISO200.jpg,parking-keyboard\NIND_parking-keyboard_ISO3200.jpg
parking-keyboard\NIND_parking-keyboard_ISO200.jpg,parking-keyboard\NIND_parking-keyboard_ISO400.jpg
parking-keyboard\NIND_parking-keyboard_ISO200.jpg,parking-keyboard\NIND_parking-keyboard_ISO6400.jpg
parking-keyboard\NIND_parking-keyboard_ISO200.jpg,parking-keyboard\NIND_parking-keyboard_ISO800.jpg
parking-keyboard\NIND_parking-keyboard_ISO200.jpg,parking-keyboard\NIND_parking-keyboard_ISOH1.jpg
parking-keyboard\NIND_parking-keyboard_ISO200.jpg,parking-keyboard\NIND_parking-keyboard_ISOH2.jpg
parking-keyboard\NIND_parking-keyboard_ISO200.jpg,parking-keyboard\NIND_parking-keyboard_ISOH3.jpg
partiallyeatenbanana\NIND_partiallyeatenbanana_ISO200.png,partiallyeatenbanana\NIND_partiallyeatenbanana_ISO1250.png
partiallyeatenbanana\NIND_partiallyeatenbanana_ISO200.png,partiallyeatenbanana\NIND_partiallyeatenbanana_ISO2500.png
partiallyeatenbanana\NIND_partiallyeatenbanana_ISO200.png,partiallyeatenbanana\NIND_partiallyeatenbanana_ISO4000.png
partiallyeatenbanana\NIND_partiallyeatenbanana_ISO200.png,partiallyeatenbanana\NIND_partiallyeatenbanana_ISO5000.png
partiallyeatenbanana\NIND_partiallyeatenbanana_ISO200.png,partiallyeatenbanana\NIND_partiallyeatenbanana_ISO640.png
partiallyeatenbanana\NIND_partiallyeatenbanana_ISO200.png,partiallyeatenbanana\NIND_partiallyeatenbanana_ISO6400.png
partiallyeatenbanana\NIND_partiallyeatenbanana_ISO200.png,partiallyeatenbanana\NIND_partiallyeatenbanana_ISOH1.png
partiallyeatenbanana\NIND_partiallyeatenbanana_ISO200.png,partiallyeatenbanana\NIND_partiallyeatenbanana_ISOH2.png
partiallyeatenbanana\NIND_partiallyeatenbanana_ISO200.png,partiallyeatenbanana\NIND_partiallyeatenbanana_ISOH3.png
pastries\NIND_pastries_ISO200.jpg,pastries\NIND_pastries_ISO3200.jpg
pastries\NIND_pastries_ISO200.jpg,pastries\NIND_pastries_ISO6400.jpg
pastries\NIND_pastries_ISO200.jpg,pastries\NIND_pastries_ISOH1.jpg
pastries\NIND_pastries_ISO200.jpg,pastries\NIND_pastries_ISOH2.jpg
Pen-pile\NIND_Pen-pile_ISO100.jpg,Pen-pile\NIND_Pen-pile_ISO1600.jpg
Pen-pile\NIND_Pen-pile_ISO100.jpg,Pen-pile\NIND_Pen-pile_ISO200.jpg
Pen-pile\NIND_Pen-pile_ISO100.jpg,Pen-pile\NIND_Pen-pile_ISO3200.jpg
Pen-pile\NIND_Pen-pile_ISO100.jpg,Pen-pile\NIND_Pen-pile_ISO400.jpg
Pen-pile\NIND_Pen-pile_ISO100.jpg,Pen-pile\NIND_Pen-pile_ISO800.jpg
Saint-Remi\NIND_Saint-Remi_ISO200.jpg,Saint-Remi\NIND_Saint-Remi_ISO6400.jpg
Saint-Remi\NIND_Saint-Remi_ISO200.jpg,Saint-Remi\NIND_Saint-Remi_ISOH1.jpg
Saint-Remi\NIND_Saint-Remi_ISO200.jpg,Saint-Remi\NIND_Saint-Remi_ISOH2.jpg
Saint-Remi\NIND_Saint-Remi_ISO200.jpg,Saint-Remi\NIND_Saint-Remi_ISOH3.jpg
Saint-Remi-C\NIND_Saint-Remi-C_ISO200.jpg,Saint-Remi-C\NIND_Saint-Remi-C_ISO6400.jpg
Saint-Remi-C\NIND_Saint-Remi-C_ISO200.jpg,Saint-Remi-C\NIND_Saint-Remi-C_ISOH1.jpg
Saint-Remi-C\NIND_Saint-Remi-C_ISO200.jpg,Saint-Remi-C\NIND_Saint-Remi-C_ISOH2.jpg
schooltop\NIND_schooltop_ISO200.jpg,schooltop\NIND_schooltop_ISO6400.jpg
schooltop\NIND_schooltop_ISO200.jpg,schooltop\NIND_schooltop_ISO800.jpg
schooltop\NIND_schooltop_ISO200.jpg,schooltop\NIND_schooltop_ISOH1.jpg
schooltop\NIND_schooltop_ISO200.jpg,schooltop\NIND_schooltop_ISOH2.jpg
semicircle\NIND_semicircle_ISO200.jpg,semicircle\NIND_semicircle_ISO1250.jpg
semicircle\NIND_semicircle_ISO200.jpg,semicircle\NIND_semicircle_ISO2500.jpg
semicircle\NIND_semicircle_ISO200.jpg,semicircle\NIND_semicircle_ISO320.jpg
semicircle\NIND_semicircle_ISO200.jpg,semicircle\NIND_semicircle_ISO5000.jpg
semicircle\NIND_semicircle_ISO200.jpg,semicircle\NIND_semicircle_ISO640.jpg
semicircle\NIND_semicircle_ISO200.jpg,semicircle\NIND_semicircle_ISO6400.jpg
semicircle\NIND_semicircle_ISO200.jpg,semicircle\NIND_semicircle_ISOH1.jpg
semicircle\NIND_semicircle_ISO200.jpg,semicircle\NIND_semicircle_ISOH2.jpg
semicircle\NIND_semicircle_ISO200.jpg,semicircle\NIND_semicircle_ISOH3.jpg
sevenbicycles\NIND_sevenbicycles_ISO200.jpg,sevenbicycles\NIND_sevenbicycles_ISO1600.jpg
sevenbicycles\NIND_sevenbicycles_ISO200.jpg,sevenbicycles\NIND_sevenbicycles_ISO6400.jpg
sewingmachine\NIND_sewingmachine_ISO50.png,sewingmachine\NIND_sewingmachine_ISO100.png
sewingmachine\NIND_sewingmachine_ISO50.png,sewingmachine\NIND_sewingmachine_ISO125.png
sewingmachine\NIND_sewingmachine_ISO50.png,sewingmachine\NIND_sewingmachine_ISO12800.png
sewingmachine\NIND_sewingmachine_ISO50.png,sewingmachine\NIND_sewingmachine_ISO160.png
sewingmachine\NIND_sewingmachine_ISO50.png,sewingmachine\NIND_sewingmachine_ISO200.png
sewingmachine\NIND_sewingmachine_ISO50.png,sewingmachine\NIND_sewingmachine_ISO25600.png
sewingmachine\NIND_sewingmachine_ISO50.png,sewingmachine\NIND_sewingmachine_ISO3200.png
sewingmachine\NIND_sewingmachine_ISO50.png,sewingmachine\NIND_sewingmachine_ISO32000.png
sewingmachine\NIND_sewingmachine_ISO50.png,sewingmachine\NIND_sewingmachine_ISO400.png
sewingmachine\NIND_sewingmachine_ISO50.png,sewingmachine\NIND_sewingmachine_ISO51200.png
sewingmachine\NIND_sewingmachine_ISO50.png,sewingmachine\NIND_sewingmachine_ISO63.png
sewingmachine\NIND_sewingmachine_ISO50.png,sewingmachine\NIND_sewingmachine_ISO6400.png
sewingmachine\NIND_sewingmachine_ISO50.png,sewingmachine\NIND_sewingmachine_ISO79.png
sewingmachine\NIND_sewingmachine_ISO50.png,sewingmachine\NIND_sewingmachine_ISO800.png
shells\NIND_shells_ISO200.jpg,shells\NIND_shells_ISO1000.jpg
shells\NIND_shells_ISO200.jpg,shells\NIND_shells_ISO1600.jpg
shells\NIND_shells_ISO200.jpg,shells\NIND_shells_ISO250.jpg
shells\NIND_shells_ISO200.jpg,shells\NIND_shells_ISO2500.jpg
shells\NIND_shells_ISO200.jpg,shells\NIND_shells_ISO320.jpg
shells\NIND_shells_ISO200.jpg,shells\NIND_shells_ISO3200.jpg
shells\NIND_shells_ISO200.jpg,shells\NIND_shells_ISO5000.jpg
shells\NIND_shells_ISO200.jpg,shells\NIND_shells_ISO6400.jpg
shells\NIND_shells_ISO200.jpg,shells\NIND_shells_ISO200-2.jpg
shells\NIND_shells_ISO200.jpg,shells\NIND_shells_ISOH1.jpg
shells\NIND_shells_ISO200.jpg,shells\NIND_shells_ISOH2.jpg
shells\NIND_shells_ISO200.jpg,shells\NIND_shells_ISOH3.jpg
Sint-Joris\NIND_Sint-Joris_ISO200.jpg,Sint-Joris\NIND_Sint-Joris_ISO1000.jpg
Sint-Joris\NIND_Sint-Joris_ISO200.jpg,Sint-Joris\NIND_Sint-Joris_ISO2500.jpg
Sint-Joris\NIND_Sint-Joris_ISO200.jpg,Sint-Joris\NIND_Sint-Joris_ISO6400.jpg
Sint-Joris\NIND_Sint-Joris_ISO200.jpg,Sint-Joris\NIND_Sint-Joris_ISOH1.jpg
Sint-Joris\NIND_Sint-Joris_ISO200.jpg,Sint-Joris\NIND_Sint-Joris_ISOH2.jpg
Sint-Joris\NIND_Sint-Joris_ISO200.jpg,Sint-Joris\NIND_Sint-Joris_ISOH3.jpg
soap\NIND_soap_ISO200.png,soap\NIND_soap_ISO3200.png
soap\NIND_soap_ISO200.png,soap\NIND_soap_ISO400.png
soap\NIND_soap_ISO200.png,soap\NIND_soap_ISO6400.png
soap\NIND_soap_ISO200.png,soap\NIND_soap_ISO800.png
soap\NIND_soap_ISO200.png,soap\NIND_soap_ISO200-2.png
soap\NIND_soap_ISO200.png,soap\NIND_soap_ISOH1.png
soap\NIND_soap_ISO200.png,soap\NIND_soap_ISOH2.png
soap\NIND_soap_ISO200.png,soap\NIND_soap_ISOH3.png
soap\NIND_soap_ISO200.png,soap\NIND_soap_ISOH4.png
Spydercheckr\NIND_Spydercheckr_ISO100.png,Spydercheckr\NIND_Spydercheckr_ISO12800.png
Spydercheckr\NIND_Spydercheckr_ISO100.png,Spydercheckr\NIND_Spydercheckr_ISO1600.png
Spydercheckr\NIND_Spydercheckr_ISO100.png,Spydercheckr\NIND_Spydercheckr_ISO200.png
Spydercheckr\NIND_Spydercheckr_ISO100.png,Spydercheckr\NIND_Spydercheckr_ISO25600.png
Spydercheckr\NIND_Spydercheckr_ISO100.png,Spydercheckr\NIND_Spydercheckr_ISO3200.png
Spydercheckr\NIND_Spydercheckr_ISO100.png,Spydercheckr\NIND_Spydercheckr_ISO400.png
Spydercheckr\NIND_Spydercheckr_ISO100.png,Spydercheckr\NIND_Spydercheckr_ISO51200.png
Spydercheckr\NIND_Spydercheckr_ISO100.png,Spydercheckr\NIND_Spydercheckr_ISO6400.png
Spydercheckr\NIND_Spydercheckr_ISO100.png,Spydercheckr\NIND_Spydercheckr_ISO65535.png
Spydercheckr\NIND_Spydercheckr_ISO100.png,Spydercheckr\NIND_Spydercheckr_ISO800.png
stairs\NIND_stairs_ISO200.jpg,stairs\NIND_stairs_ISO1250.jpg
stairs\NIND_stairs_ISO200.jpg,stairs\NIND_stairs_ISO250.jpg
stairs\NIND_stairs_ISO200.jpg,stairs\NIND_stairs_ISO2500.jpg
stairs\NIND_stairs_ISO200.jpg,stairs\NIND_stairs_ISO320.jpg
stairs\NIND_stairs_ISO200.jpg,stairs\NIND_stairs_ISO5000.jpg
stairs\NIND_stairs_ISO200.jpg,stairs\NIND_stairs_ISO640.jpg
stairs\NIND_stairs_ISO200.jpg,stairs\NIND_stairs_ISO6400.jpg
stairs\NIND_stairs_ISO200.jpg,stairs\NIND_stairs_ISOH1.jpg
stairs\NIND_stairs_ISO200.jpg,stairs\NIND_stairs_ISOH2.jpg
stefantiek\NIND_stefantiek_ISO200.jpg,stefantiek\NIND_stefantiek_ISO2000.jpg
stefantiek\NIND_stefantiek_ISO200.jpg,stefantiek\NIND_stefantiek_ISO250.jpg
stefantiek\NIND_stefantiek_ISO200.jpg,stefantiek\NIND_stefantiek_ISO500.jpg
stefantiek\NIND_stefantiek_ISO200.jpg,stefantiek\NIND_stefantiek_ISO6400.jpg
stefantiek\NIND_stefantiek_ISO200.jpg,stefantiek\NIND_stefantiek_ISOH1.jpg
stefantiek\NIND_stefantiek_ISO200.jpg,stefantiek\NIND_stefantiek_ISOH2.jpg
Stevin\NIND_Stevin_ISO200.jpg,Stevin\NIND_Stevin_ISO4000.jpg
Stevin\NIND_Stevin_ISO200.jpg,Stevin\NIND_Stevin_ISO6400.jpg
threebicycles\NIND_threebicycles_ISO200.jpg,threebicycles\NIND_threebicycles_ISO6400.jpg
tree1\NIND_tree1_ISO200.jpg,tree1\NIND_tree1_ISO1600.jpg
tree1\NIND_tree1_ISO200.jpg,tree1\NIND_tree1_ISO3200.jpg
tree1\NIND_tree1_ISO200.jpg,tree1\NIND_tree1_ISO400.jpg
tree1\NIND_tree1_ISO200.jpg,tree1\NIND_tree1_ISO6400.jpg
tree1\NIND_tree1_ISO200.jpg,tree1\NIND_tree1_ISOH1.jpg
tree1\NIND_tree1_ISO200.jpg,tree1\NIND_tree1_ISOH2.jpg
tree1\NIND_tree1_ISO200.jpg,tree1\NIND_tree1_ISOH3.jpg
tree2\NIND_tree2_ISO200.jpg,tree2\NIND_tree2_ISO1600.jpg
tree2\NIND_tree2_ISO200.jpg,tree2\NIND_tree2_ISO3200.jpg
tree2\NIND_tree2_ISO200.jpg,tree2\NIND_tree2_ISO6400.jpg
tree2\NIND_tree2_ISO200.jpg,tree2\NIND_tree2_ISO800.jpg
tree2\NIND_tree2_ISO200.jpg,tree2\NIND_tree2_ISOH1.jpg
tree2\NIND_tree2_ISO200.jpg,tree2\NIND_tree2_ISOH2.jpg
tree2\NIND_tree2_ISO200.jpg,tree2\NIND_tree2_ISOH3.jpg
ursulines-building\NIND_ursulines-building_ISO200.jpg,ursulines-building\NIND_ursulines-building_ISO1000.jpg
ursulines-building\NIND_ursulines-building_ISO200.jpg,ursulines-building\NIND_ursulines-building_ISO250.jpg
ursulines-building\NIND_ursulines-building_ISO200.jpg,ursulines-building\NIND_ursulines-building_ISO400.jpg
ursulines-building\NIND_ursulines-building_ISO200.jpg,ursulines-building\NIND_ursulines-building_ISO4000.jpg
ursulines-building\NIND_ursulines-building_ISO200.jpg,ursulines-building\NIND_ursulines-building_ISO6400.jpg
ursulines-building\NIND_ursulines-building_ISO200.jpg,ursulines-building\NIND_ursulines-building_ISOH1.jpg
ursulines-can\NIND_ursulines-can_ISO200.jpg,ursulines-can\NIND_ursulines-can_ISO1600.jpg
ursulines-can\NIND_ursulines-can_ISO200.jpg,ursulines-can\NIND_ursulines-can_ISO3200.jpg
ursulines-can\NIND_ursulines-can_ISO200.jpg,ursulines-can\NIND_ursulines-can_ISO400.jpg
ursulines-can\NIND_ursulines-can_ISO200.jpg,ursulines-can\NIND_ursulines-can_ISO6400.jpg
ursulines-can\NIND_ursulines-can_ISO200.jpg,ursulines-can\NIND_ursulines-can_ISO800.jpg
ursulines-can\NIND_ursulines-can_ISO200.jpg,ursulines-can\NIND_ursulines-can_ISO200-2.jpg
ursulines-can\NIND_ursulines-can_ISO200.jpg,ursulines-can\NIND_ursulines-can_ISOH1.jpg
ursulines-can\NIND_ursulines-can_ISO200.jpg,ursulines-can\NIND_ursulines-can_ISOH2.jpg
ursulines-red\NIND_ursulines-red_ISO200.jpg,ursulines-red\NIND_ursulines-red_ISO250.jpg
ursulines-red\NIND_ursulines-red_ISO200.jpg,ursulines-red\NIND_ursulines-red_ISO4000.jpg
ursulines-red\NIND_ursulines-red_ISO200.jpg,ursulines-red\NIND_ursulines-red_ISO500.jpg
ursulines-red\NIND_ursulines-red_ISO200.jpg,ursulines-red\NIND_ursulines-red_ISO6400.jpg
ursulines-red\NIND_ursulines-red_ISO200.jpg,ursulines-red\NIND_ursulines-red_ISOH1.jpg
ursulines-red\NIND_ursulines-red_ISO200.jpg,ursulines-red\NIND_ursulines-red_ISOH2.jpg
Vaxt-i-trad\NIND_Vaxt-i-trad_ISO100.png,Vaxt-i-trad\NIND_Vaxt-i-trad_ISO1600.png
Vaxt-i-trad\NIND_Vaxt-i-trad_ISO100.png,Vaxt-i-trad\NIND_Vaxt-i-trad_ISO200.png
Vaxt-i-trad\NIND_Vaxt-i-trad_ISO100.png,Vaxt-i-trad\NIND_Vaxt-i-trad_ISO3200.png
Vaxt-i-trad\NIND_Vaxt-i-trad_ISO100.png,Vaxt-i-trad\NIND_Vaxt-i-trad_ISO400.png
Vaxt-i-trad\NIND_Vaxt-i-trad_ISO100.png,Vaxt-i-trad\NIND_Vaxt-i-trad_ISO800.png
vlc\NIND_vlc_ISO200.jpg,vlc\NIND_vlc_ISO1000.jpg
vlc\NIND_vlc_ISO200.jpg,vlc\NIND_vlc_ISO250.jpg
vlc\NIND_vlc_ISO200.jpg,vlc\NIND_vlc_ISO3200.jpg
vlc\NIND_vlc_ISO200.jpg,vlc\NIND_vlc_ISO500.jpg
vlc\NIND_vlc_ISO200.jpg,vlc\NIND_vlc_ISO6400.jpg
vlc\NIND_vlc_ISO200.jpg,vlc\NIND_vlc_ISOH1.jpg
vlc\NIND_vlc_ISO200.jpg,vlc\NIND_vlc_ISOH2.jpg
vlc\NIND_vlc_ISO200.jpg,vlc\NIND_vlc_ISOH3.jpg
wall\NIND_wall_ISO200.jpg,wall\NIND_wall_ISO640.jpg
wall\NIND_wall_ISO200.jpg,wall\NIND_wall_ISO6400.jpg
whistle\NIND_whistle_ISO200.jpg,whistle\NIND_whistle_ISO1000.jpg
whistle\NIND_whistle_ISO200.jpg,whistle\NIND_whistle_ISO2000.jpg
whistle\NIND_whistle_ISO200.jpg,whistle\NIND_whistle_ISO250.jpg
whistle\NIND_whistle_ISO200.jpg,whistle\NIND_whistle_ISO4000.jpg
whistle\NIND_whistle_ISO200.jpg,whistle\NIND_whistle_ISO500.jpg
whistle\NIND_whistle_ISO200.jpg,whistle\NIND_whistle_ISO6400.jpg
whistle\NIND_whistle_ISO200.jpg,whistle\NIND_whistle_ISOH1.jpg
whistle\NIND_whistle_ISO200.jpg,whistle\NIND_whistle_ISOH2.jpg
whistle\NIND_whistle_ISO200.jpg,whistle\NIND_whistle_ISOH3.jpg
whistle\NIND_whistle_ISO200.jpg,whistle\NIND_whistle_ISOH4.jpg
